<?xml version="1.0" encoding="iso-8859-1"?>

<myDogs>
  <dog>
    <name>Morgan</name>
    <breed>Labrador Retriever</breed>
    <age>4 years</age>
    <fullBlood>yes</fullBlood>
    <color>chocolate</color>
  </dog>
  <dog>
    <name>Molly</name>
    <breed>Labrador Retriever</breed>
    <age>12 years</age>
    <fullBlood>yes</fullBlood>
    <color>yellow</color>
  </dog>
  <dog>
    <name>Madison</name>
    <breed>Labrador Retriever</breed>
    <age>10 years</age>
    <fullBlood>yes</fullBlood>
    <color>chocolate</color>
  </dog>
</myDogs>